Level,XPRequired,HitPoints,Fatigue,Attack,Defense,Speed,Power,Grit,Luck
1,0,38,12,7,11,8,9,5,6
2,348,54,13,8,12,9,10,6,6
3,1070,71,14,10,13,10,12,7,7
4,2282,87,15,11,14,11,13,8,8
5,4093,104,17,13,16,12,15,9,9
6,6608,120,18,15,17,13,16,10,10
7,9928,137,19,16,18,14,18,11,11
8,14150,153,20,18,20,16,19,12,12
9,19369,170,22,19,21,17,21,13,13
10,25678,186,23,21,22,18,22,14,14
11,33168,203,24,23,24,19,24,16,15
12,41928,219,25,24,25,20,25,17,15
13,52046,236,27,26,26,21,27,18,16
14,63607,252,28,27,27,22,28,19,17
15,76697,269,29,29,29,24,30,20,18
16,91400,285,30,31,30,25,31,21,19
17,107798,302,32,32,31,26,33,22,20
18,125973,318,33,34,33,27,34,23,21
19,146006,335,34,35,34,28,36,24,22
20,167977,351,35,37,35,29,37,25,23
21,191965,368,37,39,37,31,39,27,24
22,218048,384,38,40,38,32,40,28,24
23,246303,401,39,42,39,33,42,29,25
24,276808,417,40,43,40,34,43,30,26
25,309639,434,42,45,42,35,45,31,27
26,344872,450,43,47,43,36,46,32,28
27,382581,467,44,48,44,37,48,33,29
28,422841,483,45,50,46,39,49,34,30
29,465727,500,47,51,47,40,51,35,31
30,511311,516,48,53,48,41,52,36,32
